qwewwewew,qweewewq,qwewqe@mail.com,11111111
323232,12323,23@mail.com,11111111
qwr23rq,2143r,wqr32@mail.com,11111111
wqwq,qwqw,wqwq@mail.com,11111111
qeqwewqeqweqweqw,qweqweqwew,qweqweqweqw@mail.com,111111111
weej,fe7fh7f3,we3@mail.com,11111111
qqqqqqqq,qqq,q@mail.com,111111111
qeeeee,qweewew,qwee@mail.com,11111111
qweqwewq,eqwewqe,qwe@mail.com,qqqqqqqq
jeff,Fred,qwe@gmail.com,qweqwe
qwq,qwq,qwq@gmail.com,1111111111
232ewq2,12333ew,1322@mail.com,11111111
wefweg,ufwheuifwe,wefe@mail.com,11111111
3435,12334,3243@mail.com,11111111
32144,23232,232@mail.com,11111111
121212,1232,12@mail.com,11111111
1111,1111,111@mail.com,11111111
3erqw3r,123eqwe23,31rqr3r@mail.com,11111111
qwqwqwqw,qwqwq,qwqw@mnail.po,11111111
qweqweqwe,Fred He,qweqweqwe@gmail.com,qweqweqwe
qwqwqerwe,wqwqww,q@as.com,11111111
fred,Fred,fredhe56@gmail.com,qweqwe
fredfred,fred,fredfred@gmail.com,qweqwe
wewewewe,qwewew,wewe@mail.com,11111111
qwqwqwqwqww,qqwwqq,qsqs@mail.com,11111111
43343,12444,2531@mail.com,11111111
q1w12,1q1q,1w2@mail.com,11111111
23rwer4r,213rer32,32r3@mail.com,11111111
23435,1243,2356@mail.com,11111111
12333323232,1233322,123231@mai.com,11111111
124wr23,12ewew,123edw@mail.com,11111111
qwewqewewe,qwewe,qwew@mail.com,11111111
12323,123232,1@mail.com,11111111
qwewewew,qweweweq,qwwew@mail.com,11111111
